Product link,Property type,Property Name or Title,Address / Google Pin address,About the property / Details,Bedrooms,Bathrooms,Room Furnishing,Rent per month,Security deposit,Bills,Preferred gender,Roomies preference,Date available,Phone Number,Ameneties for free,Images
https://rentin.ae/real-estate/rooms/furnished-family-room-available-in-al-qusais?id=10340&p=furnished-family-room-available-in-al-qusais,Room for rent,Furnished Family Room available in Al Qusais,Al Qusais for Dubai,"Description, Very Nice Neat and Clean Furnished Apartment in new building. All facilities are there like kitchen, washing, internet, cleaner etc. Located on Damascus Street opposite to Al Qusais Plaza, Free Parking Area., Very close to Bus Stop, Very close to supermarket and restaurants",-,-,Yes,AED 1900,-,-,-,-,26 January,'+971507656828,"FURNISHED: Yes, BUILT IN WARDROBES: Yes, BALCONY: Yes, VIEW OF WATER: No, VIEW OF LANDMARK: No, PETS ALLOWED: No, MAID SERVICE: No",https://rentin.ae/upload/img/Posts/10340/9tsnTfDN.jpg
https://rentin.ae/real-estate/rooms/bed-space-for-ladies-room?id=10452&p=bed-space-for-ladies-room,Room for rent,BED SPACE FOR LADIES / ROOM,Bur Dubai for Dubai,"Description, Available LADIES BED SPACE at BUR
DUBAI , Indians only – Mumbai/
Malayali/Mangalorean/Goan/ Tamil, 3 Sharing/ 4 Sharing/ 5 Sharing Bed
Space, 6 MINUTES WALK FROM AL GHUBAIBA
METRO STATION, Including DEWA, WiFi, Botim,
Fridge, Window AC, Cupboards, Dining table Chairs. , Contact Priya 00971554807959",-,-,Yes,AED 700,-,-,-,-,24 February,'+971554807959,"FURNISHED: Yes, BUILT IN WARDROBES: Yes, BALCONY: Yes, VIEW OF WATER: No, VIEW OF LANDMARK: No, PETS ALLOWED: No, MAID SERVICE: No","https://rentin.ae/upload/img/Posts/10452/G52hnd4N.jpg , https://rentin.ae/upload/img/Posts/10452/Hi3rR58n.jpg , https://rentin.ae/upload/img/Posts/10452/tsQNiY6d.jpg , https://rentin.ae/upload/img/Posts/10452/bEN4789E.jpg , https://rentin.ae/upload/img/Posts/10452/nrBA8DYr.jpg , https://rentin.ae/upload/img/Posts/10452/BtZsrERR.jpg , https://rentin.ae/upload/img/Posts/10452/AaasGTnD.jpg"
https://rentin.ae/real-estate/rooms/available-ladies-bed-space-at-bur-dubai?id=10451&p=available-ladies-bed-space-at-bur-dubai,Room for rent,Available LADIES BED SPACE at BUR DUBAI,Bur Dubai for Dubai,"Description, Available LADIES BED SPACE at BUR
DUBAI , Indians only – Mumbai/
Malayali/Mangalorean/Goan/ Tamil, 3 Sharing/ 4 Sharing/ 5 Sharing Bed
Space, 6 MINUTES WALK FROM AL GHUBAIBA
METRO STATION, Including DEWA, WiFi, Botim,
Fridge, Window AC, Cupboards, Dining table Chairs. , Contact Priya 00971554807959",-,-,No,AED 700,-,-,-,-,17 February,'+971554807959,"FURNISHED: No, BUILT IN WARDROBES: Yes, BALCONY: Yes, VIEW OF WATER: No, VIEW OF LANDMARK: No, PETS ALLOWED: No, MAID SERVICE: No","https://rentin.ae/upload/img/Posts/10451/9fQ8F7BA.jpg , https://rentin.ae/upload/img/Posts/10451/7tBY7T6T.jpg , https://rentin.ae/upload/img/Posts/10451/8Ea9iKd6.jpg , https://rentin.ae/upload/img/Posts/10451/eRtr88hi.jpg , https://rentin.ae/upload/img/Posts/10451/nYz4ZbNz.jpg , https://rentin.ae/upload/img/Posts/10451/na6nn6TG.jpg , https://rentin.ae/upload/img/Posts/10451/Senh36Fd.jpg"
https://rentin.ae/real-estate/rooms/sharing-accommodation-for-indian-lady?id=10450&p=sharing-accommodation-for-indian-lady,Room for rent,Sharing accommodation for Indian lady,Al Jafiliya for Dubai,"Description, Sharing room / Bed space available for working Indian executive lady, to share with the same., Fully furnished room with attached bathroom, preferably eggetarain or vegetarian ., Working professional will be given preference, house is near Max Metro station, it is in a family villa., Free parking outside, walking distance from Max Metro station",-,-,Yes,AED 1300,-,-,-,-,16 February,'+971563471435,"FURNISHED: Yes, BUILT IN WARDROBES: No, BALCONY: No, VIEW OF WATER: No, VIEW OF LANDMARK: No, PETS ALLOWED: No, MAID SERVICE: No","https://rentin.ae/upload/img/Posts/10450/HTyZrNst.jpg , https://rentin.ae/upload/img/Posts/10450/Z6KiKG2b.jpg , https://rentin.ae/upload/img/Posts/10450/SZy5QsiF.jpg , https://rentin.ae/upload/img/Posts/10450/6ds8eHd4.jpg , https://rentin.ae/upload/img/Posts/10450/kfTGy63K.jpg"
https://rentin.ae/real-estate/rooms/furnished-room-for-rent-for-family-or-executive-bachelors-in-al-quoz?id=10449&p=furnished-room-for-rent-for-family-or-executive-bachelors-in-al-quoz,Room for rent,Furnished Room for Rent for Family or Executive Bachelors in Al Quoz,Al Quoz for Dubai,"Description, Furnished Neat and Clean Room for Rent for Family or Executive Bachelors,, Near Al Khail Mall, Al Quoz,, Nearest Metro Station : Al Safa Metro station 5-10 min from room., just down side of building RTA Bus stop to easy access., Fridge, Automatic Washing Machine, AC, Double BED, Sofa, wardrobe cabinet etc., Note: You can cook only Vegetarian food in kitchen.",-,-,Yes,AED 2700,-,-,-,-,16 February,'+971524089125,"Area, sqft:1200 Yes, FURNISHED: Yes, BUILT IN WARDROBES: Yes, BALCONY: No, VIEW OF WATER: No, VIEW OF LANDMARK: No, PETS ALLOWED: No, MAID SERVICE: No","https://rentin.ae/upload/img/Posts/10449/b9nB9Ree.jpg , https://rentin.ae/upload/img/Posts/10449/Ez9kAiyD.jpg , https://rentin.ae/upload/img/Posts/10449/kHKbFykE.jpg , https://rentin.ae/upload/img/Posts/10449/2yKED9Gk.jpg"
https://rentin.ae/real-estate/rooms/available-ladies-bed-space-at-bur-dubai?id=10447&p=available-ladies-bed-space-at-bur-dubai,Room for rent,Available LADIES BED SPACE at BUR DUBAI,Bur Dubai for Dubai,"Description, Available LADIES BED SPACE at BUR
DUBAI , Indians only – Mumbai/
Malayali/Mangalorean/Goan/ Tamil, 3 Sharing/ 4 Sharing/ 5 Sharing Bed
Space, 6 MINUTES WALK FROM AL GHUBAIBA
METRO STATION, Including DEWA, WiFi, Botim,
Fridge, Window AC, Cupboards, Dining table Chairs. , Contact Priya 00971554807959",-,-,Yes,AED 700,-,-,-,-,14 February,'+971554807959,"FURNISHED: Yes, BUILT IN WARDROBES: Yes, BALCONY: Yes, VIEW OF WATER: No, VIEW OF LANDMARK: No, PETS ALLOWED: No, MAID SERVICE: No",https://rentin.ae/upload/img/Posts/10447/DzAd5ba9.jpg
https://rentin.ae/real-estate/rooms/ladies-executive-single-beds-available-at-burdubai?id=10443&p=ladies-executive-single-beds-available-at-burdubai,Room for rent,Ladies Executive Single beds available at BURDUBAI,Bur Dubai for Dubai,"Description, 
										Available LADIES BED SPACE at BUR
DUBAI, Indians only – Mumbai/
Malayali/Mangalorean/Goan/ Tamil, 3 Sharing/ 4 Sharing/ 5 Sharing Bed
Space, 6 MINUTES WALK FROM AL GHUBAIBA
METRO STATION, Including DEWA, WiFi, Botim,
Fridge, Window AC, Cupboards, Dining table Chairs., Contact Priya 00971554807959",-,-,Yes,AED 700,-,-,-,-,2 February,'+971554807959,"FURNISHED: Yes, BUILT IN WARDROBES: Yes, BALCONY: Yes, VIEW OF WATER: No, VIEW OF LANDMARK: No, PETS ALLOWED: No, MAID SERVICE: No","https://rentin.ae/upload/img/Posts/10443/nGSn63y7.jpg , https://rentin.ae/upload/img/Posts/10443/ZDkbZH77.jpg , https://rentin.ae/upload/img/Posts/10443/tZrtyb6E.jpg , https://rentin.ae/upload/img/Posts/10443/RTnK9nA5.jpg , https://rentin.ae/upload/img/Posts/10443/byShhGHY.jpg , https://rentin.ae/upload/img/Posts/10443/EThsYs2H.jpg , https://rentin.ae/upload/img/Posts/10443/Ky53erGD.jpg"
https://rentin.ae/real-estate/rooms/fully-furnished-room-with-kitchen?id=10397&p=fully-furnished-room-with-kitchen,Room for rent,Fully furnished room with kitchen,Rolla for Sharjah,"Description, 
										Fully furnished room with master bed and kitchen with all appliances available on very reasonable monthly rent                                    ",-,-,Yes,AED 1400,-,-,-,-,3 September,'+971503947599,"FURNISHED: Yes, BUILT IN WARDROBES: No, BALCONY: Yes, VIEW OF WATER: Yes, VIEW OF LANDMARK: No, PETS ALLOWED: No, MAID SERVICE: No",https://rentin.ae/upload/img/Posts/10397/2tafszBN.jpg
https://rentin.ae/real-estate/rooms/furnished-room-for-rent?id=10386&p=furnished-room-for-rent,Room for rent,Furnished room for rent,Bur Dubai for Dubai,"Description, 
										Furnished room for rent in bur dubai only for couples & small families., Location is right behind ghubaiba bus station, easy access to metro and bus.",-,-,Yes,AED 1800,-,-,-,-,12 August,'+971567282308,"FURNISHED: Yes, BUILT IN WARDROBES: Yes, BALCONY: No, VIEW OF WATER: No, VIEW OF LANDMARK: No, PETS ALLOWED: No, MAID SERVICE: No",https://rentin.ae/upload/img/Posts/10386/EHyF64ks.jpg
https://rentin.ae/real-estate/rooms/bedspace-for-rent-for-executive-bachealor?id=10294&p=bedspace-for-rent-for-executive-bachealor,Room for rent,BEDSPACE FOR RENT FOR EXECUTIVE BACHEALOR,Muhaisnah for Dubai,"Description, EXECUTIVE BACHELOR BED SPACE FOR RENT IN MUHAISNAH. KERALITES ARE PREFERRED. ONLY AED 900/- PER MONTH AND INCLUDES DEWA, WIFI, COOKING GAS, WATER, AND WEEKLY CLEANING TWICE. KITCHEN AVAILABLE WITH AMENITIES FOR COOKING. THE FLAT IS LIMITED TO 4 PEOPLE ONLY. THELOCATION IS IN MUHAISNAH 4, NEXT TO MADINA MALL. FREE PARKING IS AVAILABLE NEARBY THE BUILDING. FOR DETAILS CALL / WHATSAPP: 0562363315",-,-,No,AED 900,-,-,-,-,26 February,'+971562363315,"FURNISHED: No, BUILT IN WARDROBES: No, BALCONY: Yes, VIEW OF WATER: No, VIEW OF LANDMARK: No, PETS ALLOWED: No, MAID SERVICE: No","https://rentin.ae/upload/img/Posts/10294/bYRaefTZ.jpg , https://rentin.ae/upload/img/Posts/10294/DYNzhtNz.jpg , https://rentin.ae/upload/img/Posts/10294/eFfr4KD2.jpg"
https://rentin.ae/real-estate/rooms/luxury-villa-room-for-rent?id=10301&p=luxury-villa-room-for-rent,Room for rent,Luxury villa room for rent,Al Barsha 1 for Dubai,"Description, Large ensuite bedroom in a very nice villa in gated compound. Large living room, Large furnished ensuite bedroom. Pool/Gym/high speed internet. etc. Available first week April. Al Barsha 1, 10 min walk to Mashreq metro. Nearby stores, Starbucks, but very quiet at night. Not for families or multiple bachelors. Single or couple only.",-,-,Yes,AED 4500,-,-,-,-,24 March,'+971545815544,"FURNISHED: Yes, BUILT IN WARDROBES: Yes, BALCONY: No, VIEW OF WATER: No, VIEW OF LANDMARK: No, PETS ALLOWED: No, MAID SERVICE: No","https://rentin.ae/upload/img/Posts/10301/ZSs558sn.jpg , https://rentin.ae/upload/img/Posts/10301/d98Tt8te.jpg , https://rentin.ae/upload/img/Posts/10301/RnQKzYHn.jpg , https://rentin.ae/upload/img/Posts/10301/akBnZkhH.jpg , https://rentin.ae/upload/img/Posts/10301/5N4SdKQt.jpg"
https://rentin.ae/real-estate/rooms/bedroom-available-near-union-metro-for-couple-or-girls?id=10311&p=bedroom-available-near-union-metro-for-couple-or-girls,Room for rent,Bedroom available near Union metro for couple or girls,Al Rigga for Dubai,"Description, One Bed room available for rent for couple or girls (max 3), All amenities available like wifi, fridge, washing machine, oven., Spacious bedroom with two windows., 5 min walk to union metro and 3 min walk to salah al din metro station.",-,-,Yes,AED 2600,-,-,-,-,27 April,'+971543907521,"FURNISHED: Yes, BUILT IN WARDROBES: No, BALCONY: No, VIEW OF WATER: No, VIEW OF LANDMARK: No, PETS ALLOWED: No, MAID SERVICE: No","https://rentin.ae/upload/img/Posts/10311/tRDf5BSQ.jpg , https://rentin.ae/upload/img/Posts/10311/hfAB3fbD.jpg , https://rentin.ae/upload/img/Posts/10311/5iGz6EQG.jpg , https://rentin.ae/upload/img/Posts/10311/kRhQr73G.jpg , https://rentin.ae/upload/img/Posts/10311/8D9iSsaR.jpg , https://rentin.ae/upload/img/Posts/10311/4Zna4nfZ.jpg"
https://rentin.ae/real-estate/rooms/2bhk-room-for-rent?id=10298&p=2bhk-room-for-rent,Room for rent,2bhk room for rent,Damascus Street for Dubai,,-,-,Yes,AED 2500,-,-,-,-,21 March,'+971503958486,"Area, sqft:1500 Yes, FURNISHED: Yes, BUILT IN WARDROBES: No, BALCONY: Yes, VIEW OF WATER: No, VIEW OF LANDMARK: Yes, PETS ALLOWED: No, MAID SERVICE: No",https://rentin.ae/upload/img/Posts/10298/r7D8skGa.jpg
https://rentin.ae/real-estate/rooms/1-bhk-for-rent?id=10291&p=1-bhk-for-rent,Room for rent,1 BHK for rent,Baniyas  West for Abu Dhabi,"Description, 
										New 1 BHK available in Baniyas West Abu Dhabi                                    ",-,-,No,AED 2600,-,-,-,-,21 February,'+971552700258,"FURNISHED: No, BUILT IN WARDROBES: No, BALCONY: No, VIEW OF WATER: No, VIEW OF LANDMARK: No, PETS ALLOWED: No, MAID SERVICE: No",https://rentin.ae/upload/img/Posts/10291/yQ3YF8Kt.jpg
https://rentin.ae/real-estate/rooms/available-partition-bedroom-bed-space?id=10265&p=available-partition-bedroom-bed-space,Room for rent,Available partition Bedroom Bed space.,Dubai port said near clock tower for Dubai,"Description, 
										AED: 1000 to 1200 per Month Only Including Dewa / Internet WiFi 24Hrs / Fridge / Washing Facilities / Bed / Cupboard / All Kitchen Facilities / Daily Cleaning / Free From Pest, Etc. Walking Distance from Al riqqa Metro Station Near About Al Bassam center Street, Abu baker Siddiqui road clock tower Near Al Bassam center too Al kabayel discount center road 3 Rd building Al khalej . Deira Dubai Contact with Mr sayful .0588119975.                                    ",-,-,Yes,AED 1000,-,-,-,-,9 February,'+971562708138,"FURNISHED: Yes, BUILT IN WARDROBES: Yes, BALCONY: Yes, VIEW OF WATER: Yes, VIEW OF LANDMARK: Yes, PETS ALLOWED: Yes, MAID SERVICE: Yes",https://rentin.ae/upload/img/Posts/10265/RDf6bYd4.jpg
https://rentin.ae/real-estate/rooms/available-daboul-partition-bed-room-bed-space?id=10264&p=available-daboul-partition-bed-room-bed-space,Room for rent,Available  daboul partition Bed Room Bed space,Al Bassam center near clock tower deira port said for Dubai,"Description, AED: 1000 to 1200 per Month Only Including Dewa / Internet WiFi 24Hrs / Fridge / Washing Facilities / Bed / Cupboard / All Kitchen Facilities / Daily Cleaning / Free From Pest, Etc. Walking Distance from Al riqqa Metro Station Near About Al Bassam center Street, Abu baker Siddiqui road clock tower Near Al Bassam center too Al kabayel discount center road 3 Rd building Al khalej . Deira Dubai Contact with Mr Hussain 0551966415",-,-,Yes,AED 1000,-,-,-,-,9 February,'+971562708138,"FURNISHED: Yes, BUILT IN WARDROBES: Yes, BALCONY: Yes, VIEW OF WATER: Yes, VIEW OF LANDMARK: Yes, PETS ALLOWED: Yes, MAID SERVICE: Yes",https://rentin.ae/upload/img/Posts/10264/NnH2GKiY.jpg
https://rentin.ae/real-estate/rooms/partition-room-daboul-bed?id=10262&p=partition-room-daboul-bed,Room for rent,Partition room daboul bed,Dubai port said near Al Bassam center for Dubai,"Description, AED: 1000 to 1200 per Month Only Including Dewa / Internet WiFi 24Hrs / Fridge / Washing Facilities / Bed / Cupboard / All Kitchen Facilities / Daily Cleaning / Free From Pest, Etc. Walking Distance from Al riqqa Metro Station Near About Al Bassam center Street, Abu baker Siddiqui road clock tower Near Al Bassam center too Al kabayel discount center road 3 Rd building Al khalej . Deira Dubai Contact with Mr sayful .0588119975.",-,-,Yes,AED 1000,-,-,-,-,9 February,'+971588119975,"FURNISHED: Yes, BUILT IN WARDROBES: Yes, BALCONY: Yes, VIEW OF WATER: Yes, VIEW OF LANDMARK: Yes, PETS ALLOWED: Yes, MAID SERVICE: Yes","https://rentin.ae/upload/img/Posts/10262/bBkfea2s.jpg , https://rentin.ae/upload/img/Posts/10262/Y4BHF5Nh.jpg , https://rentin.ae/upload/img/Posts/10262/BE2D5dfh.jpg"
https://rentin.ae/real-estate/rooms/furnished-accommodation-for-indian-lady?id=10209&p=furnished-accommodation-for-indian-lady,Room for rent,Furnished accommodation for Indian Lady,Al Mankhool for Dubai,"Description, 
										Furnished small room for Indian lady, Attached bath room, Christians preferred, Near Burjuman",-,-,Yes,AED 1750,-,-,-,-,17 September,'+971562327450,"FURNISHED: Yes, BUILT IN WARDROBES: No, BALCONY: No, VIEW OF WATER: No, VIEW OF LANDMARK: No, PETS ALLOWED: No, MAID SERVICE: No",https://rentin.ae/upload/img/Posts/10209/5kDG48n9.jpg
https://rentin.ae/real-estate/rooms/bed-space-for-ladies-room-at-650?id=10118&p=bed-space-for-ladies-room-at-650,Room for rent,BED SPACE FOR LADIES / ROOM at 650/-,Bur Dubai for Dubai,"Description, AVAILABLE LADIES BED
SPACE AT BUR DUBAI DHS.650 FOR MANGALORE/ GOA/ MALAYALI / MUMBAI/ TAMIL/ INDIAN, BUNKER BEDS UP DHS. 650/
DOWN DHS. 750/ EXECUTIVE SINGLE BED DHS. 850, TWO/ THREE LADIES ROOM
AT DHS. 1200/ FIVE LADIES DHS. 720, FAMILY ROOM FOR
COUPLES DHS. 1800/2200/2300, AVAILABLE AT BUR DUBAI NEAR AL GHUBAIBA METRO STATION., ONLY 4 LADIES IN ROOM, MARIA - 0554807959",-,-,Yes,AED 650,-,-,-,-,7 July,'+971554807959,"FURNISHED: Yes, BUILT IN WARDROBES: Yes, BALCONY: Yes, VIEW OF WATER: No, VIEW OF LANDMARK: No, PETS ALLOWED: No, MAID SERVICE: No","https://rentin.ae/upload/img/Posts/10118/B8nbhDYa.jpg , https://rentin.ae/upload/img/Posts/10118/HBK4sznS.jpg , https://rentin.ae/upload/img/Posts/10118/SEbSk4Hy.jpg , https://rentin.ae/upload/img/Posts/10118/bFSiNfF9.jpg , https://rentin.ae/upload/img/Posts/10118/hs38sHF9.jpg , https://rentin.ae/upload/img/Posts/10118/niDnGtrB.jpg , https://rentin.ae/upload/img/Posts/10118/ne7Y3b7Z.jpg , https://rentin.ae/upload/img/Posts/10118/tD3NizGa.jpg"
https://rentin.ae/real-estate/rooms/big-room-available-for-family-ladies-or-couple-in-al-rigga-dubai?id=10080&p=big-room-available-for-family-ladies-or-couple-in-al-rigga-dubai,Room for rent,"Big ROOM available for Family, Ladies or Couple in Al Rigga, Dubai",Al Rigga for Dubai,"Description, Big ROOM
available for Family, Ladies or Couple in Al Rigga, Dubai, FREE ( DEWA , Wi-Fi
and Fully Furnished )., 5 minutes walking
distance from Union metro station, near Al Gurair shopping Centre ., Call/Whatsapp:
0545333409 , 0543553709",-,-,Yes,AED 2000,-,-,-,-,9 April,'+971545333409,"FURNISHED: Yes, BUILT IN WARDROBES: Yes, BALCONY: Yes, VIEW OF WATER: Yes, VIEW OF LANDMARK: Yes, PETS ALLOWED: No, MAID SERVICE: No","https://rentin.ae/upload/img/Posts/10080/8d6n88B6.jpg , https://rentin.ae/upload/img/Posts/10080/87NQnEsy.jpg"
https://rentin.ae/real-estate/rooms/fully-furnished-spacious-room-next-to-jbr-beach?id=10077&p=fully-furnished-spacious-room-next-to-jbr-beach,Room for rent,Fully Furnished Spacious Room Next to JBR beach,JBR Jumeirah Beach Residence for Dubai,"Description, Fully
Furnished Spacious Room Next to JBR beach, Tram station with Marina View
available for rent in a quiet & very clean apartment , The
spacious room is fully furnished with a King size bed, mattress, Beddings [Duvets,
comforter & fitted bedsheet], Floor lights, wardrobe, Carpets, shoe rack, a
sofa-bed, study table with chair, a relaxing chair with a side table and a
Utensils shelf with all basic utensils provided. , For
Entertainment and relaxation – a Smart TV with fully subscribed Netflix and cable
TV is provided., The
Apartment kitchen is fully equipped with cooking range, Oven, Electronic
Kettle, Coffee Maker, Toaster, Blender, cooking pots and pans., For
Laundry a fully functional washing machine with dryer is available., Apartment
is cleaned 4 days every week and all common areas are kept neat , High
speed internet is available. , The
room is perfect for vacation or remote work and would be very convenient for an
expat/working professional as its located in a 2 minutes’ walk to the JBR Tram
station and the JBR walk and Beach with a clear straight view of the Dubai Eye., 24
hours operational outlets for KFC, Burger King, Subway plus cafes and Restaurants
on the JBR walk are only a few steps away from premises. , The
room price AED 3,300 per month inclusive of all the utility charges., Feel
free to reach out on +971543922277 for viewing",-,-,Yes,AED 3300,-,-,-,-,4 April,'+971543922277,"Area, sqft:120 Yes, FURNISHED: Yes, BUILT IN WARDROBES: Yes, BALCONY: No, VIEW OF WATER: Yes, VIEW OF LANDMARK: Yes, PETS ALLOWED: No, MAID SERVICE: No","https://rentin.ae/upload/img/Posts/10077/EKheyztF.jpg , https://rentin.ae/upload/img/Posts/10077/KB6QG63E.jpg , https://rentin.ae/upload/img/Posts/10077/E8GzZ7Ba.jpg , https://rentin.ae/upload/img/Posts/10077/dY87Ak3T.jpg , https://rentin.ae/upload/img/Posts/10077/666DthKQ.jpg , https://rentin.ae/upload/img/Posts/10077/Dedh2fRA.jpg , https://rentin.ae/upload/img/Posts/10077/ddk9b2f2.jpg , https://rentin.ae/upload/img/Posts/10077/tAhzebBY.jpg , https://rentin.ae/upload/img/Posts/10077/EKiT7fYr.jpg , https://rentin.ae/upload/img/Posts/10077/82GNKH8i.jpg , https://rentin.ae/upload/img/Posts/10077/zZf3ZYzr.jpg , https://rentin.ae/upload/img/Posts/10077/4ZHhEy6k.jpg , https://rentin.ae/upload/img/Posts/10077/NHFDn5aS.jpg , https://rentin.ae/upload/img/Posts/10077/6d9d7QTk.jpg , https://rentin.ae/upload/img/Posts/10077/da7yz9ie.jpg"
https://rentin.ae/real-estate/rooms/rooms-for-rent-in-alqusais?id=10078&p=rooms-for-rent-in-alqusais,Room for rent,ROOMS FOR RENT IN ALQUSAIS...,Al Qusais for Dubai,"Description, FAMILY ROOMS AVAILABLE IN AL QUSAIS NEAR TO AL TAWAR CENTRE BEHIND ETISALAT METRO STATION., •ATTACHED WASHROOM AND KITCHEN., •NEET AND VERY CLEAN., •PARKING AVAILABLE., •ATTACHED SPLIT AC., Call for more:, 056-86 87 853..., You can send messages on WhatsApp also...",-,-,No,AED 2200,-,-,-,-,1 May,'+971568687853,"Area, sqft:257 Yes, FURNISHED: No, BUILT IN WARDROBES: No, BALCONY: No, VIEW OF WATER: No, VIEW OF LANDMARK: No, PETS ALLOWED: Yes, MAID SERVICE: No","https://rentin.ae/upload/img/Posts/10078/9zZbT3zY.jpg , https://rentin.ae/upload/img/Posts/10078/9ZdZFN4n.jpg , https://rentin.ae/upload/img/Posts/10078/dEnEEAAb.jpg"
https://rentin.ae/real-estate/rooms/bed-space-for-ladies-room-at-700?id=10067&p=bed-space-for-ladies-room-at-700,Room for rent,BED SPACE FOR LADIES / ROOM at 700/-,Bur Dubai for Dubai,"Description, LADIES BED SPACE 700
AVAILABLE AT BUR DUBAI, FAMILY ROOM 2400 , MALAYALI /
MANGALOREAN/ GOAN/ TAMIL/ GUJARAT/ INDIAN/ SRILANKA, BUNKER BED UP 700 /
DOWN 750, EXECUTIVE SINGLE BED
DHS. 850, 2 WORKING LADIES ROOM
at EACH 1200, NO CROWDED. ONLY 4
LADIES IN ROOM, Maria 0554807959",-,-,Yes,AED 700,-,-,-,-,26 March,'+971554807959,"FURNISHED: Yes, BUILT IN WARDROBES: Yes, BALCONY: Yes, VIEW OF WATER: No, VIEW OF LANDMARK: No, PETS ALLOWED: No, MAID SERVICE: No","https://rentin.ae/upload/img/Posts/10067/6Qn9dak3.jpg , https://rentin.ae/upload/img/Posts/10067/kKKeebYe.jpg , https://rentin.ae/upload/img/Posts/10067/A6RDRsT4.jpg , https://rentin.ae/upload/img/Posts/10067/3inQ8QkK.jpg , https://rentin.ae/upload/img/Posts/10067/tGtYkbK5.jpg , https://rentin.ae/upload/img/Posts/10067/HTaD4tE7.jpg"
https://rentin.ae/real-estate/rooms/bed-space-for-ladies-room-at-700?id=10023&p=bed-space-for-ladies-room-at-700,Room for rent,BED SPACE FOR LADIES / ROOM at 700/-,Bur Dubai for Dubai,"Description, BED
SPACE FOR LADIES / ROOM at 700/- , MANGALOREAN/GUJARAT/
GOAN/TAMIL/ MALAYALI/ INDIAN/SRILANKA, AT
LESS PRICE AVAILABLE IN PRIME LOCATION BUR DUBAI , Bunker
Beds:- Up 700/-, Down 800/-, Single Bed 850/- , 2
WORKING LADIES ROOM at EACH 1200/-, NEAR
AL GHUBAIBA METRO STATION. ONLY 4 IN ROOM, Contact/
Wats app: PRIYA DSOUZA 0554807959",-,-,Yes,AED 700,-,-,-,-,27 December,'+971554807959,"FURNISHED: Yes, BUILT IN WARDROBES: Yes, BALCONY: Yes, VIEW OF WATER: No, VIEW OF LANDMARK: No, PETS ALLOWED: No, MAID SERVICE: No","https://rentin.ae/upload/img/Posts/10023/f4NN5RDG.jpg , https://rentin.ae/upload/img/Posts/10023/HNyey89y.jpg , https://rentin.ae/upload/img/Posts/10023/RaT59n5H.jpg , https://rentin.ae/upload/img/Posts/10023/eiD26sia.jpg , https://rentin.ae/upload/img/Posts/10023/fZQaDdH9.jpg , https://rentin.ae/upload/img/Posts/10023/S5ea3eyF.jpg , https://rentin.ae/upload/img/Posts/10023/edzesnQz.jpg"
https://rentin.ae/real-estate/rooms/cheap-and-best-bed-space-for-ladies-room-at-700?id=10003&p=cheap-and-best-bed-space-for-ladies-room-at-700,Room for rent,CHEAP AND BEST BED SPACE FOR LADIES / ROOM at 700/-,Bur Dubai for Dubai,"Description, CHEAP
AND BEST BED SPACE FOR LADIES / ROOM at 700/- , MANGALOREAN/GUJARAT/
GOAN/TAMIL/ MALAYALI/ INDIAN/SRILANKA, AT
LESS PRICE AVAILABLE IN PRIME LOCATION BURDUBAI , Bunker
Beds:- Up 700/-, Down 750/-, Single Bed 850/- , 2
WORKING LADIES ROOM at EACH 1200/-, NEAR
AL GHUBAIBA METRO STATION. ONLY 4 IN ROOM, Contact/
Wats app: PRIYA 0554807959",-,-,Yes,AED 700,-,-,-,-,27 November,'+971554807959,"FURNISHED: Yes, BUILT IN WARDROBES: Yes, BALCONY: Yes, VIEW OF WATER: No, VIEW OF LANDMARK: No, PETS ALLOWED: No, MAID SERVICE: No","https://rentin.ae/upload/img/Posts/10003/f2SdeBRR.jpg , https://rentin.ae/upload/img/Posts/10003/brAK8Nsa.jpg , https://rentin.ae/upload/img/Posts/10003/dZikRGk9.jpg , https://rentin.ae/upload/img/Posts/10003/2iifG77R.jpg , https://rentin.ae/upload/img/Posts/10003/YQY3bAFd.jpg , https://rentin.ae/upload/img/Posts/10003/R5RNF8QH.jpg , https://rentin.ae/upload/img/Posts/10003/T3Zzy9zf.jpg , https://rentin.ae/upload/img/Posts/10003/hHrSEkzk.jpg"
https://rentin.ae/real-estate/rooms/cheap-and-best-bed-space-for-ladies-room-at-650?id=10002&p=cheap-and-best-bed-space-for-ladies-room-at-650,Room for rent,CHEAP AND BEST BED SPACE FOR LADIES / ROOM at 650/-,Bur Dubai for Dubai,"Description, CHEAP
AND BEST BED SPACE FOR LADIES / ROOM at 650/- , MANGALOREAN/GUJARAT/
GOAN/TAMIL/ MALAYALI/ INDIAN/SRILANKA, AT
LESS PRICE AVAILABLE IN PRIME LOCATION BURDUBAI , Bunker
Beds:- Up 650/-, Down 750/-, Single Bed 800/- , 2
WORKING LADIES ROOM at EACH 1200/-, NEAR
AL GHUBAIBA METRO STATION. ONLY 4 IN ROOM, Contact/
Wats app: PRIYA 0554807959",-,-,Yes,AED 650,-,-,-,-,24 November,'+971554807959,"FURNISHED: Yes, BUILT IN WARDROBES: Yes, BALCONY: Yes, VIEW OF WATER: No, VIEW OF LANDMARK: No, PETS ALLOWED: No, MAID SERVICE: No","https://rentin.ae/upload/img/Posts/10002/nNFN6YtE.jpg , https://rentin.ae/upload/img/Posts/10002/DHFD4D2i.jpg , https://rentin.ae/upload/img/Posts/10002/f3sdrfaY.jpg , https://rentin.ae/upload/img/Posts/10002/BN9izGn3.jpg , https://rentin.ae/upload/img/Posts/10002/dYs7idft.jpg , https://rentin.ae/upload/img/Posts/10002/6AzhFz5T.jpg , https://rentin.ae/upload/img/Posts/10002/9zy5fRyG.jpg , https://rentin.ae/upload/img/Posts/10002/rtTQ48D6.jpg"
https://rentin.ae/real-estate/rooms/bed-space-for-ladies-room-at-650?id=9992&p=bed-space-for-ladies-room-at-650,Room for rent,BED SPACE FOR LADIES / ROOM at 650/-,Bur Dubai for Dubai,"Description, BED SPACE FOR LADIES / ROOM at 650/-, MANGALOREAN/GUJARAT/ GOAN/TAMIL/ MALAYALI/
INDIAN/SRILANKA, 2 WORKING LADIES ROOM at EACH 1200/-, Bunker Beds:- Up 650/-, Down 750/-,
Single Bed 800/- , Contact/ Wats app: Ullas 0554807959 , Location: Burdubai near Al Ghubaiba Metro Station",-,-,Yes,AED 650,-,-,-,-,7 November,'+971554807959,"FURNISHED: Yes, BUILT IN WARDROBES: Yes, BALCONY: Yes, VIEW OF WATER: No, VIEW OF LANDMARK: No, PETS ALLOWED: No, MAID SERVICE: No","https://rentin.ae/upload/img/Posts/9992/ZfNYh5E5.jpg , https://rentin.ae/upload/img/Posts/9992/Kt3tTbrQ.jpg , https://rentin.ae/upload/img/Posts/9992/fy996z7Q.jpg , https://rentin.ae/upload/img/Posts/9992/dsD3Eebb.jpg , https://rentin.ae/upload/img/Posts/9992/A5ye6NYb.jpg , https://rentin.ae/upload/img/Posts/9992/7Ya3e8E4.jpg , https://rentin.ae/upload/img/Posts/9992/ddNn8eeb.jpg , https://rentin.ae/upload/img/Posts/9992/zH53Q65b.jpg"
https://rentin.ae/real-estate/rooms/big-partition-room-for-rent?id=9837&p=big-partition-room-for-rent,Room for rent,Big Partition Room For Rent,Al Raffa for Dubai,"Description, Room available for Indian couple (malayali) prefer including all 1800 aed, Near to algubhaiba bus and metro station, Everything is near by ( supermarket,mall,grocery,restaurant), Bur Dubai., Augest 1st onwards, Kindly contact or what's app +971544965559",-,-,Yes,AED 1800,-,-,-,-,1 July,'+971544965559,"FURNISHED: Yes, BUILT IN WARDROBES: No, BALCONY: Yes, VIEW OF WATER: No, VIEW OF LANDMARK: No, PETS ALLOWED: No, MAID SERVICE: No","https://rentin.ae/upload/img/Posts/9837/snnznKEA.jpg , https://rentin.ae/upload/img/Posts/9837/QhTyNaEd.jpg , https://rentin.ae/upload/img/Posts/9837/d3NZRYRD.jpg , https://rentin.ae/upload/img/Posts/9837/ddTYFh32.jpg , https://rentin.ae/upload/img/Posts/9837/AdhNQNas.jpg"
https://rentin.ae/real-estate/rooms/master-bedroom-for-rent?id=9708&p=master-bedroom-for-rent,Room for rent,Master bedroom for rent,International City for Dubai,"Description, 
										Fully furnished master bedroom available for rent. Separate AC and Washroom available. Price includes Dewa and Internet. Need 2 bachelors male or female.",-,-,Yes,AED 2200,-,-,-,-,29 April,'+971585263017,"Area, sqft:700 Yes, FURNISHED: Yes, BUILT IN WARDROBES: No, BALCONY: No, VIEW OF WATER: No, VIEW OF LANDMARK: No, PETS ALLOWED: No, MAID SERVICE: No","https://rentin.ae/upload/img/Posts/9708/h7yGzT95.jpg , https://rentin.ae/upload/img/Posts/9708/KDr6TTQb.jpg"
https://rentin.ae/real-estate/rooms/rooms-for-families-and-working-couples-from-2000aed?id=8729&p=rooms-for-families-and-working-couples-from-2000aed,Room for rent,"ROOMS FOR FAMILIES AND WORKING COUPLES, FROM 2000AED",Al Warqaa for Dubai,"Description, FRESH AND BRAND-NEW VILLA IS GOING TO RENT., NEAT AND CLEAN ROOMS WITH ATTACHED, WASHROOMS AND KITCHEN., FREE CAR PARKING AVAILABLE INSIDE VILLA., NEAR BY THE SUPERMARKET AND BUS STOP., NEAR TO MIRDIF CITY CENTRE., RENTS ARE INCLUDED DEWA., ALL DAILY AMENITIES OF LIFE AVAILABLE CLOSE TO VILLA, EG. 24 HOURS SUPERMARKETS, GROCERIES, PHARMACY, CLINIC, BUS STOPS, PARK, SHOPPING MALL AND NEAR TO HIGHWAY., ROOM SIZE AND RENT DETAILS BELOW., SMALL ROOMS RENT STARTED FROM, 2200…., QUEEN SIZE BED ROOM RENT STARTED FROM., 2500…., KING SIZE BED ROOMS RENT STARTED FROM., 3000…., ALL ROOMS ARE AVAILABLE FROM DEC.01.2018., PLEASE CALL AND WHATS APP : 0547815253",-,-,No,AED 2000,-,-,-,-,4 December,'+971547815253,"FURNISHED: No, BUILT IN WARDROBES: No, BALCONY: No, VIEW OF WATER: No, VIEW OF LANDMARK: No, PETS ALLOWED: No, MAID SERVICE: No","https://rentin.ae/upload/img/Posts/8729/tB8zhZrk.jpg , https://rentin.ae/upload/img/Posts/8729/YibNhYak.jpg , https://rentin.ae/upload/img/Posts/8729/YTNsE73E.jpg , https://rentin.ae/upload/img/Posts/8729/55SQN3k6.jpg , https://rentin.ae/upload/img/Posts/8729/risB8GNS.jpg , https://rentin.ae/upload/img/Posts/8729/TQt5ztde.jpg , https://rentin.ae/upload/img/Posts/8729/bRAGNn9E.jpg , https://rentin.ae/upload/img/Posts/8729/eSeTGtQZ.jpg , https://rentin.ae/upload/img/Posts/8729/F6iDDZhh.jpg , https://rentin.ae/upload/img/Posts/8729/BDbZZe52.jpg , https://rentin.ae/upload/img/Posts/8729/ZstzFt4N.jpg"
https://rentin.ae/real-estate/rooms/2-rooms-available-in-a-luxurious-apartment?id=8563&p=2-rooms-available-in-a-luxurious-apartment,Room for rent,2 rooms available in a Luxurious Apartment,Dubai Studio City for Dubai,"Description, Hi, I have 2 rooms available for an Individual or a Couple!, Brand new Luxurious 3 BHK completely furnished with branded
furniture, All the rooms in the flat have Independent Balcony & Bathtub
in the Bathrooms, Access to Gym, Steam room, Sauna & Rooftop swimming pool, Free Parking in front of the building, It is a gated Community with round the clock security, 8 Mins from Mall of the Emirates , 8 Mins from Sheikh Zayed road, Opposite Arabian Ranches, just 8 kms next to Motor City /
Autodrome, ·, 1 Furnished Bedroom with attached bathroom + Independent
Balcony., ·, 1 Furnished Bedroom with Independent Balcony, bathroom
outside., Monthly Rent AED 4500 (Inclusive of Dewa & WIFI)",-,-,Yes,AED 3700,-,-,-,-,3 October,'+971528171905,"FURNISHED: Yes, BUILT IN WARDROBES: Yes, BALCONY: Yes, VIEW OF WATER: No, VIEW OF LANDMARK: Yes, PETS ALLOWED: No, MAID SERVICE: Yes","https://rentin.ae/upload/img/Posts/8563/Yey3D8th.jpg , https://rentin.ae/upload/img/Posts/8563/rYHRQHEZ.jpg , https://rentin.ae/upload/img/Posts/8563/A2HYQ34t.jpg , https://rentin.ae/upload/img/Posts/8563/hy8H2HfG.jpg , https://rentin.ae/upload/img/Posts/8563/QDyeBRnR.jpg , https://rentin.ae/upload/img/Posts/8563/A2yby22Y.jpg , https://rentin.ae/upload/img/Posts/8563/KyFnhyHs.jpg , https://rentin.ae/upload/img/Posts/8563/SF4Fd8bS.jpg , https://rentin.ae/upload/img/Posts/8563/BAZ3baFD.jpg , https://rentin.ae/upload/img/Posts/8563/23EhQr6n.jpg , https://rentin.ae/upload/img/Posts/8563/NADZY9bD.jpg , https://rentin.ae/upload/img/Posts/8563/F58H49rs.jpg , https://rentin.ae/upload/img/Posts/8563/zbeBdK45.jpg , https://rentin.ae/upload/img/Posts/8563/BtbbK7ri.jpg , https://rentin.ae/upload/img/Posts/8563/yT7dT9Gn.jpg"
https://rentin.ae/real-estate/rooms/manager-sales?id=6933&p=manager-sales,Room for rent,Manager Sales,Deira City Centre Mall for Dubai,"Description, ROOM 1:, VERY VERY SPACIOUS ROOM WITH BALCONY AVAILABLE FOR INDIAN COUPLES OR FAMILIES NEAR DEIRA CITY CENTRE JUST ONE MIN WALK FROM METRO STATION., EXTREMELY BIG ROOMS, EXCELLENT LOCATION NOT CROWDED AT ALL. MAX FAMILY OF 4, VERY WELL FURNISHED WITH HEAVY DUTY BEDS & SPACIOUS WARDROBES., CLEANING SERVICES INCLUDED 3 TIMES A WEEK FREE DEWA AND WIFI., SEPARATE WASHROOM DEDICATED TO THE ROOM ONLY., AED 4,500 ALL INCLUSIVE, ROOM 2:, VERY SPACIOUS ROOM AVAILABLE FOR INDIAN COUPLES OR FAMILIES NEAR DEIRA CITY CENTRE JUST ONE MIN WALK FROM METRO STATION., EXTREMELY BIG ROOMS, EXCELLENT LOCATION NOT CROWDED AT ALL. MAX FAMILY OF 3, VERY WELL FURNISHED WITH HEAVY DUTY BEDS & SPACIOUS WARDROBES., CLEANING SERVICES INCLUDED 3 TIMES A WEEK FREE DEWA AND WIFI., AED 3,950 ALL INCLUSIVE .",-,-,Yes,AED 4000,-,-,-,-,30 August,'+971506942885,"FURNISHED: Yes, BUILT IN WARDROBES: Yes, BALCONY: Yes, VIEW OF WATER: No, VIEW OF LANDMARK: No, PETS ALLOWED: No, MAID SERVICE: No","https://rentin.ae/upload/img/Posts/6933/294nksfH.jpg , https://rentin.ae/upload/img/Posts/6933/iySRnKsR.jpg , https://rentin.ae/upload/img/Posts/6933/DaZhtzkR.jpg , https://rentin.ae/upload/img/Posts/6933/dDSZ6ZbS.jpg , https://rentin.ae/upload/img/Posts/6933/Z668kbGz.jpg , https://rentin.ae/upload/img/Posts/6933/AkaNZtsk.jpg , https://rentin.ae/upload/img/Posts/6933/ydzQBHtE.jpg"
https://rentin.ae/real-estate/rooms/executive-bachelor?id=6864&p=executive-bachelor,Room for rent,Executive Bachelor,Al Mankhool for Dubai,"Description, Hi,, Availability:-, Room With attached bathroom, with 4 people capacity. Furnished room., Facilities:-, Wifi, DEWA, Daily Cleaning, Oven Refrigerator, Washing Machine., Rent: 4500/- per month(Negotiable), Bed Spaces Available for bachelors., Rent 1000/- per bed. , Balcony room., Facilities:-, Wifi, DEWA, Daily Cleaning, Oven Refrigerator, Washing Machine., Feel free to call or whtasapp., Nearby Facilities:- Bus stands, Supermarket, Metro &Gym., Location: Al Mankhool,, 5mins walking from Fahidi Metro.",-,-,Yes,AED 4500,-,-,-,-,26 June,'+971507553150,"FURNISHED: Yes, BUILT IN WARDROBES: Yes, BALCONY: No, VIEW OF WATER: No, VIEW OF LANDMARK: No, PETS ALLOWED: No, MAID SERVICE: No","https://rentin.ae/upload/img/Posts/6864/ai37aEi9.jpg , https://rentin.ae/upload/img/Posts/6864/dKn3259d.jpg , https://rentin.ae/upload/img/Posts/6864/eREyH6DY.jpg , https://rentin.ae/upload/img/Posts/6864/azaFDRsD.jpg , https://rentin.ae/upload/img/Posts/6864/3fA4KH3Q.jpg , https://rentin.ae/upload/img/Posts/6864/hdE77Eab.jpg , https://rentin.ae/upload/img/Posts/6864/hFzSA3BB.jpg"
https://rentin.ae/real-estate/rooms/furnished-room-with-all-facilities-available-for-1-5-months?id=5203&p=furnished-room-with-all-facilities-available-for-1-5-months,Room for rent,Furnished room with all facilities available for 1.5 months,Muroor Road-Abu Dhabi for Abu Dhabi,"Description, 
										One furnished master bed room with independent bathroom available for rent from 13-07-2018 to 25-08-2018.The following independent facilities are available with the room.Internet,Tv(e-life),bed,dining table, chairs, water,electricity,fridge,oven,inbuilt cabinet,cooking facility,and common utensils.This is with an Indian family having two bed room apartment.If some one want to bring their family for a visit during this period can contact on mobile 0561606952.Rent will be Aed 2500/month.This is in Abu Dhabi,Muroor road opposite to IPIC building, near Abu Dhabi Media.                                    ",-,-,Yes,AED 2500,-,-,-,-,22 May,'+971561606952,"Area, sqft:144 Yes, FURNISHED: Yes, BUILT IN WARDROBES: No, BALCONY: No, VIEW OF WATER: No, VIEW OF LANDMARK: Yes, PETS ALLOWED: No, MAID SERVICE: No",https://rentin.ae/upload/img/Posts/5203/kYKky2GF.jpg
https://rentin.ae/real-estate/rooms/room-available-for-muslims?id=3300&p=room-available-for-muslims,Room for rent,Room available for Muslims,Deira for Dubai,"Description, 
										Room available for Muslims, Wardrobe and Table is included, Bed is provided",-,-,Yes,AED 2300,-,-,-,-,16 March,'+971501141578,"Area, sqft:1 Yes, FURNISHED: Yes, BUILT IN WARDROBES: Yes, BALCONY: No, VIEW OF WATER: No, VIEW OF LANDMARK: No, PETS ALLOWED: No, MAID SERVICE: No",https://rentin.ae/upload/img/Posts/3300/rtnBriQF.jpg
https://rentin.ae/real-estate/rooms/partition-for-couple-for-rent?id=1742&p=partition-for-couple-for-rent,Room for rent,Partition for Couple for Rent,Al Barsha 1 for Dubai,"Description, 
										A big partition for Filipino Couple, A must see building with full facilities, Surrounded by resturants and hotels, One minute walk to Mall of Emirates",-,-,Yes,AED 2800,-,-,-,-,11 January,'+971543073503,"FURNISHED: Yes, BUILT IN WARDROBES: Yes, BALCONY: No, VIEW OF WATER: No, VIEW OF LANDMARK: No, PETS ALLOWED: No, MAID SERVICE: No","https://rentin.ae/upload/img/Posts/1742/eGHttBnS.jpg , https://rentin.ae/upload/img/Posts/1742/t5fNZ7QE.jpg , https://rentin.ae/upload/img/Posts/1742/zA5Rnh39.jpg , https://rentin.ae/upload/img/Posts/1742/NH4biG5s.jpg , https://rentin.ae/upload/img/Posts/1742/bDKy42bi.jpg , https://rentin.ae/upload/img/Posts/1742/Si2DfB6E.jpg"
https://rentin.ae/real-estate/rooms/room-for-rent-for-filipino-couple?id=1740&p=room-for-rent-for-filipino-couple,Room for rent,Room for Rent for Filipino Couple,Al Barsha 1 for Dubai,"Description, 
										Room for rent preferably for Filipino couple only, Next to Mall of Emirates (1 minute walk), Accessible to many metro stations and bus stops, Full amenities (gymn, sauna, pool)",-,-,Yes,AED 4000,-,-,-,-,11 January,'+971543073503,"FURNISHED: Yes, BUILT IN WARDROBES: Yes, BALCONY: No, VIEW OF WATER: No, VIEW OF LANDMARK: No, PETS ALLOWED: No, MAID SERVICE: No","https://rentin.ae/upload/img/Posts/1740/5SsQDS7T.jpg , https://rentin.ae/upload/img/Posts/1740/yKTEnzaF.jpg , https://rentin.ae/upload/img/Posts/1740/QGTG54hB.jpg , https://rentin.ae/upload/img/Posts/1740/5teh8se4.jpg , https://rentin.ae/upload/img/Posts/1740/8zFBbBfz.jpg , https://rentin.ae/upload/img/Posts/1740/a34rk4Y3.jpg , https://rentin.ae/upload/img/Posts/1740/AEzryFSk.jpg , https://rentin.ae/upload/img/Posts/1740/2ZyZdBNa.jpg , https://rentin.ae/upload/img/Posts/1740/2fD3GHkH.jpg , https://rentin.ae/upload/img/Posts/1740/Ad3N7HBt.jpg"
https://rentin.ae/real-estate/rooms/partition-available-for-couple?id=1739&p=partition-available-for-couple,Room for rent,Partition Available For Couple,Deira for Dubai,"Description, 
										Partition For couple very near to Metro station in a flat is sharing.interested ppl please call, 00971507853758",-,-,Yes,AED 1500,-,-,-,-,8 January,'+971507853758,"Area, sqft:256 Yes, FURNISHED: Yes, BUILT IN WARDROBES: No, BALCONY: No, VIEW OF WATER: No, VIEW OF LANDMARK: No, PETS ALLOWED: No, MAID SERVICE: No",https://rentin.ae/upload/img/Posts/1739/h57zzndR.jpg
https://rentin.ae/real-estate/rooms/room-and-studio?id=1738&p=room-and-studio,Room for rent,Room and Studio,Deira for Dubai,"Description, 
										We have furnished and non furnished Studio Rooms fully familier environment in an independent villa or building.                                    ",-,-,No,AED 2999,-,-,-,-,8 January,'+971507853758,"Area, sqft:452 Yes, FURNISHED: No, BUILT IN WARDROBES: No, BALCONY: No, VIEW OF WATER: No, VIEW OF LANDMARK: No, PETS ALLOWED: No, MAID SERVICE: No",https://rentin.ae/upload/img/Posts/1738/Db686z8y.jpg
https://rentin.ae/real-estate/rooms/cheap-and-best-bed-space-for-ladies-room-at-650?id=10002&p=cheap-and-best-bed-space-for-ladies-room-at-650,Room for rent,CHEAP AND BEST BED SPACE FOR LADIES / ROOM at 650/-,Bur Dubai for Dubai,"Description, CHEAP
AND BEST BED SPACE FOR LADIES / ROOM at 650/- , MANGALOREAN/GUJARAT/
GOAN/TAMIL/ MALAYALI/ INDIAN/SRILANKA, AT
LESS PRICE AVAILABLE IN PRIME LOCATION BURDUBAI , Bunker
Beds:- Up 650/-, Down 750/-, Single Bed 800/- , 2
WORKING LADIES ROOM at EACH 1200/-, NEAR
AL GHUBAIBA METRO STATION. ONLY 4 IN ROOM, Contact/
Wats app: PRIYA 0554807959",-,-,Yes,AED 650,-,-,-,-,24 November,'+971554807959,"FURNISHED: Yes, BUILT IN WARDROBES: Yes, BALCONY: Yes, VIEW OF WATER: No, VIEW OF LANDMARK: No, PETS ALLOWED: No, MAID SERVICE: No","https://rentin.ae/upload/img/Posts/10002/nNFN6YtE.jpg , https://rentin.ae/upload/img/Posts/10002/DHFD4D2i.jpg , https://rentin.ae/upload/img/Posts/10002/f3sdrfaY.jpg , https://rentin.ae/upload/img/Posts/10002/BN9izGn3.jpg , https://rentin.ae/upload/img/Posts/10002/dYs7idft.jpg , https://rentin.ae/upload/img/Posts/10002/6AzhFz5T.jpg , https://rentin.ae/upload/img/Posts/10002/9zy5fRyG.jpg , https://rentin.ae/upload/img/Posts/10002/rtTQ48D6.jpg"
https://rentin.ae/real-estate/rooms/bed-space-for-ladies-room-at-650?id=9992&p=bed-space-for-ladies-room-at-650,Room for rent,BED SPACE FOR LADIES / ROOM at 650/-,Bur Dubai for Dubai,"Description, BED SPACE FOR LADIES / ROOM at 650/-, MANGALOREAN/GUJARAT/ GOAN/TAMIL/ MALAYALI/
INDIAN/SRILANKA, 2 WORKING LADIES ROOM at EACH 1200/-, Bunker Beds:- Up 650/-, Down 750/-,
Single Bed 800/- , Contact/ Wats app: Ullas 0554807959 , Location: Burdubai near Al Ghubaiba Metro Station",-,-,Yes,AED 650,-,-,-,-,7 November,'+971554807959,"FURNISHED: Yes, BUILT IN WARDROBES: Yes, BALCONY: Yes, VIEW OF WATER: No, VIEW OF LANDMARK: No, PETS ALLOWED: No, MAID SERVICE: No","https://rentin.ae/upload/img/Posts/9992/ZfNYh5E5.jpg , https://rentin.ae/upload/img/Posts/9992/Kt3tTbrQ.jpg , https://rentin.ae/upload/img/Posts/9992/fy996z7Q.jpg , https://rentin.ae/upload/img/Posts/9992/dsD3Eebb.jpg , https://rentin.ae/upload/img/Posts/9992/A5ye6NYb.jpg , https://rentin.ae/upload/img/Posts/9992/7Ya3e8E4.jpg , https://rentin.ae/upload/img/Posts/9992/ddNn8eeb.jpg , https://rentin.ae/upload/img/Posts/9992/zH53Q65b.jpg"
https://rentin.ae/real-estate/rooms/big-partition-room-for-rent?id=9837&p=big-partition-room-for-rent,Room for rent,Big Partition Room For Rent,Al Raffa for Dubai,"Description, Room available for Indian couple (malayali) prefer including all 1800 aed, Near to algubhaiba bus and metro station, Everything is near by ( supermarket,mall,grocery,restaurant), Bur Dubai., Augest 1st onwards, Kindly contact or what's app +971544965559",-,-,Yes,AED 1800,-,-,-,-,1 July,'+971544965559,"FURNISHED: Yes, BUILT IN WARDROBES: No, BALCONY: Yes, VIEW OF WATER: No, VIEW OF LANDMARK: No, PETS ALLOWED: No, MAID SERVICE: No","https://rentin.ae/upload/img/Posts/9837/snnznKEA.jpg , https://rentin.ae/upload/img/Posts/9837/QhTyNaEd.jpg , https://rentin.ae/upload/img/Posts/9837/d3NZRYRD.jpg , https://rentin.ae/upload/img/Posts/9837/ddTYFh32.jpg , https://rentin.ae/upload/img/Posts/9837/AdhNQNas.jpg"
https://rentin.ae/real-estate/rooms/master-bedroom-for-rent?id=9708&p=master-bedroom-for-rent,Room for rent,Master bedroom for rent,International City for Dubai,"Description, 
										Fully furnished master bedroom available for rent. Separate AC and Washroom available. Price includes Dewa and Internet. Need 2 bachelors male or female.",-,-,Yes,AED 2200,-,-,-,-,29 April,'+971585263017,"Area, sqft:700 Yes, FURNISHED: Yes, BUILT IN WARDROBES: No, BALCONY: No, VIEW OF WATER: No, VIEW OF LANDMARK: No, PETS ALLOWED: No, MAID SERVICE: No","https://rentin.ae/upload/img/Posts/9708/h7yGzT95.jpg , https://rentin.ae/upload/img/Posts/9708/KDr6TTQb.jpg"
https://rentin.ae/real-estate/rooms/rooms-for-families-and-working-couples-from-2000aed?id=8729&p=rooms-for-families-and-working-couples-from-2000aed,Room for rent,"ROOMS FOR FAMILIES AND WORKING COUPLES, FROM 2000AED",Al Warqaa for Dubai,"Description, FRESH AND BRAND-NEW VILLA IS GOING TO RENT., NEAT AND CLEAN ROOMS WITH ATTACHED, WASHROOMS AND KITCHEN., FREE CAR PARKING AVAILABLE INSIDE VILLA., NEAR BY THE SUPERMARKET AND BUS STOP., NEAR TO MIRDIF CITY CENTRE., RENTS ARE INCLUDED DEWA., ALL DAILY AMENITIES OF LIFE AVAILABLE CLOSE TO VILLA, EG. 24 HOURS SUPERMARKETS, GROCERIES, PHARMACY, CLINIC, BUS STOPS, PARK, SHOPPING MALL AND NEAR TO HIGHWAY., ROOM SIZE AND RENT DETAILS BELOW., SMALL ROOMS RENT STARTED FROM, 2200…., QUEEN SIZE BED ROOM RENT STARTED FROM., 2500…., KING SIZE BED ROOMS RENT STARTED FROM., 3000…., ALL ROOMS ARE AVAILABLE FROM DEC.01.2018., PLEASE CALL AND WHATS APP : 0547815253",-,-,No,AED 2000,-,-,-,-,4 December,'+971547815253,"FURNISHED: No, BUILT IN WARDROBES: No, BALCONY: No, VIEW OF WATER: No, VIEW OF LANDMARK: No, PETS ALLOWED: No, MAID SERVICE: No","https://rentin.ae/upload/img/Posts/8729/tB8zhZrk.jpg , https://rentin.ae/upload/img/Posts/8729/YibNhYak.jpg , https://rentin.ae/upload/img/Posts/8729/YTNsE73E.jpg , https://rentin.ae/upload/img/Posts/8729/55SQN3k6.jpg , https://rentin.ae/upload/img/Posts/8729/risB8GNS.jpg , https://rentin.ae/upload/img/Posts/8729/TQt5ztde.jpg , https://rentin.ae/upload/img/Posts/8729/bRAGNn9E.jpg , https://rentin.ae/upload/img/Posts/8729/eSeTGtQZ.jpg , https://rentin.ae/upload/img/Posts/8729/F6iDDZhh.jpg , https://rentin.ae/upload/img/Posts/8729/BDbZZe52.jpg , https://rentin.ae/upload/img/Posts/8729/ZstzFt4N.jpg"
https://rentin.ae/real-estate/rooms/2-rooms-available-in-a-luxurious-apartment?id=8563&p=2-rooms-available-in-a-luxurious-apartment,Room for rent,2 rooms available in a Luxurious Apartment,Dubai Studio City for Dubai,"Description, Hi, I have 2 rooms available for an Individual or a Couple!, Brand new Luxurious 3 BHK completely furnished with branded
furniture, All the rooms in the flat have Independent Balcony & Bathtub
in the Bathrooms, Access to Gym, Steam room, Sauna & Rooftop swimming pool, Free Parking in front of the building, It is a gated Community with round the clock security, 8 Mins from Mall of the Emirates , 8 Mins from Sheikh Zayed road, Opposite Arabian Ranches, just 8 kms next to Motor City /
Autodrome, ·, 1 Furnished Bedroom with attached bathroom + Independent
Balcony., ·, 1 Furnished Bedroom with Independent Balcony, bathroom
outside., Monthly Rent AED 4500 (Inclusive of Dewa & WIFI)",-,-,Yes,AED 3700,-,-,-,-,3 October,'+971528171905,"FURNISHED: Yes, BUILT IN WARDROBES: Yes, BALCONY: Yes, VIEW OF WATER: No, VIEW OF LANDMARK: Yes, PETS ALLOWED: No, MAID SERVICE: Yes","https://rentin.ae/upload/img/Posts/8563/Yey3D8th.jpg , https://rentin.ae/upload/img/Posts/8563/rYHRQHEZ.jpg , https://rentin.ae/upload/img/Posts/8563/A2HYQ34t.jpg , https://rentin.ae/upload/img/Posts/8563/hy8H2HfG.jpg , https://rentin.ae/upload/img/Posts/8563/QDyeBRnR.jpg , https://rentin.ae/upload/img/Posts/8563/A2yby22Y.jpg , https://rentin.ae/upload/img/Posts/8563/KyFnhyHs.jpg , https://rentin.ae/upload/img/Posts/8563/SF4Fd8bS.jpg , https://rentin.ae/upload/img/Posts/8563/BAZ3baFD.jpg , https://rentin.ae/upload/img/Posts/8563/23EhQr6n.jpg , https://rentin.ae/upload/img/Posts/8563/NADZY9bD.jpg , https://rentin.ae/upload/img/Posts/8563/F58H49rs.jpg , https://rentin.ae/upload/img/Posts/8563/zbeBdK45.jpg , https://rentin.ae/upload/img/Posts/8563/BtbbK7ri.jpg , https://rentin.ae/upload/img/Posts/8563/yT7dT9Gn.jpg"
https://rentin.ae/real-estate/rooms/manager-sales?id=6933&p=manager-sales,Room for rent,Manager Sales,Deira City Centre Mall for Dubai,"Description, ROOM 1:, VERY VERY SPACIOUS ROOM WITH BALCONY AVAILABLE FOR INDIAN COUPLES OR FAMILIES NEAR DEIRA CITY CENTRE JUST ONE MIN WALK FROM METRO STATION., EXTREMELY BIG ROOMS, EXCELLENT LOCATION NOT CROWDED AT ALL. MAX FAMILY OF 4, VERY WELL FURNISHED WITH HEAVY DUTY BEDS & SPACIOUS WARDROBES., CLEANING SERVICES INCLUDED 3 TIMES A WEEK FREE DEWA AND WIFI., SEPARATE WASHROOM DEDICATED TO THE ROOM ONLY., AED 4,500 ALL INCLUSIVE, ROOM 2:, VERY SPACIOUS ROOM AVAILABLE FOR INDIAN COUPLES OR FAMILIES NEAR DEIRA CITY CENTRE JUST ONE MIN WALK FROM METRO STATION., EXTREMELY BIG ROOMS, EXCELLENT LOCATION NOT CROWDED AT ALL. MAX FAMILY OF 3, VERY WELL FURNISHED WITH HEAVY DUTY BEDS & SPACIOUS WARDROBES., CLEANING SERVICES INCLUDED 3 TIMES A WEEK FREE DEWA AND WIFI., AED 3,950 ALL INCLUSIVE .",-,-,Yes,AED 4000,-,-,-,-,30 August,'+971506942885,"FURNISHED: Yes, BUILT IN WARDROBES: Yes, BALCONY: Yes, VIEW OF WATER: No, VIEW OF LANDMARK: No, PETS ALLOWED: No, MAID SERVICE: No","https://rentin.ae/upload/img/Posts/6933/294nksfH.jpg , https://rentin.ae/upload/img/Posts/6933/iySRnKsR.jpg , https://rentin.ae/upload/img/Posts/6933/DaZhtzkR.jpg , https://rentin.ae/upload/img/Posts/6933/dDSZ6ZbS.jpg , https://rentin.ae/upload/img/Posts/6933/Z668kbGz.jpg , https://rentin.ae/upload/img/Posts/6933/AkaNZtsk.jpg , https://rentin.ae/upload/img/Posts/6933/ydzQBHtE.jpg"
https://rentin.ae/real-estate/rooms/executive-bachelor?id=6864&p=executive-bachelor,Room for rent,Executive Bachelor,Al Mankhool for Dubai,"Description, Hi,, Availability:-, Room With attached bathroom, with 4 people capacity. Furnished room., Facilities:-, Wifi, DEWA, Daily Cleaning, Oven Refrigerator, Washing Machine., Rent: 4500/- per month(Negotiable), Bed Spaces Available for bachelors., Rent 1000/- per bed. , Balcony room., Facilities:-, Wifi, DEWA, Daily Cleaning, Oven Refrigerator, Washing Machine., Feel free to call or whtasapp., Nearby Facilities:- Bus stands, Supermarket, Metro &Gym., Location: Al Mankhool,, 5mins walking from Fahidi Metro.",-,-,Yes,AED 4500,-,-,-,-,26 June,'+971507553150,"FURNISHED: Yes, BUILT IN WARDROBES: Yes, BALCONY: No, VIEW OF WATER: No, VIEW OF LANDMARK: No, PETS ALLOWED: No, MAID SERVICE: No","https://rentin.ae/upload/img/Posts/6864/ai37aEi9.jpg , https://rentin.ae/upload/img/Posts/6864/dKn3259d.jpg , https://rentin.ae/upload/img/Posts/6864/eREyH6DY.jpg , https://rentin.ae/upload/img/Posts/6864/azaFDRsD.jpg , https://rentin.ae/upload/img/Posts/6864/3fA4KH3Q.jpg , https://rentin.ae/upload/img/Posts/6864/hdE77Eab.jpg , https://rentin.ae/upload/img/Posts/6864/hFzSA3BB.jpg"
https://rentin.ae/real-estate/rooms/furnished-room-with-all-facilities-available-for-1-5-months?id=5203&p=furnished-room-with-all-facilities-available-for-1-5-months,Room for rent,Furnished room with all facilities available for 1.5 months,Muroor Road-Abu Dhabi for Abu Dhabi,"Description, 
										One furnished master bed room with independent bathroom available for rent from 13-07-2018 to 25-08-2018.The following independent facilities are available with the room.Internet,Tv(e-life),bed,dining table, chairs, water,electricity,fridge,oven,inbuilt cabinet,cooking facility,and common utensils.This is with an Indian family having two bed room apartment.If some one want to bring their family for a visit during this period can contact on mobile 0561606952.Rent will be Aed 2500/month.This is in Abu Dhabi,Muroor road opposite to IPIC building, near Abu Dhabi Media.                                    ",-,-,Yes,AED 2500,-,-,-,-,22 May,'+971561606952,"Area, sqft:144 Yes, FURNISHED: Yes, BUILT IN WARDROBES: No, BALCONY: No, VIEW OF WATER: No, VIEW OF LANDMARK: Yes, PETS ALLOWED: No, MAID SERVICE: No",https://rentin.ae/upload/img/Posts/5203/kYKky2GF.jpg
https://rentin.ae/real-estate/rooms/room-available-for-muslims?id=3300&p=room-available-for-muslims,Room for rent,Room available for Muslims,Deira for Dubai,"Description, 
										Room available for Muslims, Wardrobe and Table is included, Bed is provided",-,-,Yes,AED 2300,-,-,-,-,16 March,'+971501141578,"Area, sqft:1 Yes, FURNISHED: Yes, BUILT IN WARDROBES: Yes, BALCONY: No, VIEW OF WATER: No, VIEW OF LANDMARK: No, PETS ALLOWED: No, MAID SERVICE: No",https://rentin.ae/upload/img/Posts/3300/rtnBriQF.jpg
https://rentin.ae/real-estate/rooms/partition-for-couple-for-rent?id=1742&p=partition-for-couple-for-rent,Room for rent,Partition for Couple for Rent,Al Barsha 1 for Dubai,"Description, 
										A big partition for Filipino Couple, A must see building with full facilities, Surrounded by resturants and hotels, One minute walk to Mall of Emirates",-,-,Yes,AED 2800,-,-,-,-,11 January,'+971543073503,"FURNISHED: Yes, BUILT IN WARDROBES: Yes, BALCONY: No, VIEW OF WATER: No, VIEW OF LANDMARK: No, PETS ALLOWED: No, MAID SERVICE: No","https://rentin.ae/upload/img/Posts/1742/eGHttBnS.jpg , https://rentin.ae/upload/img/Posts/1742/t5fNZ7QE.jpg , https://rentin.ae/upload/img/Posts/1742/zA5Rnh39.jpg , https://rentin.ae/upload/img/Posts/1742/NH4biG5s.jpg , https://rentin.ae/upload/img/Posts/1742/bDKy42bi.jpg , https://rentin.ae/upload/img/Posts/1742/Si2DfB6E.jpg"
https://rentin.ae/real-estate/rooms/room-for-rent-for-filipino-couple?id=1740&p=room-for-rent-for-filipino-couple,Room for rent,Room for Rent for Filipino Couple,Al Barsha 1 for Dubai,"Description, 
										Room for rent preferably for Filipino couple only, Next to Mall of Emirates (1 minute walk), Accessible to many metro stations and bus stops, Full amenities (gymn, sauna, pool)",-,-,Yes,AED 4000,-,-,-,-,11 January,'+971543073503,"FURNISHED: Yes, BUILT IN WARDROBES: Yes, BALCONY: No, VIEW OF WATER: No, VIEW OF LANDMARK: No, PETS ALLOWED: No, MAID SERVICE: No","https://rentin.ae/upload/img/Posts/1740/5SsQDS7T.jpg , https://rentin.ae/upload/img/Posts/1740/yKTEnzaF.jpg , https://rentin.ae/upload/img/Posts/1740/QGTG54hB.jpg , https://rentin.ae/upload/img/Posts/1740/5teh8se4.jpg , https://rentin.ae/upload/img/Posts/1740/8zFBbBfz.jpg , https://rentin.ae/upload/img/Posts/1740/a34rk4Y3.jpg , https://rentin.ae/upload/img/Posts/1740/AEzryFSk.jpg , https://rentin.ae/upload/img/Posts/1740/2ZyZdBNa.jpg , https://rentin.ae/upload/img/Posts/1740/2fD3GHkH.jpg , https://rentin.ae/upload/img/Posts/1740/Ad3N7HBt.jpg"
https://rentin.ae/real-estate/rooms/partition-available-for-couple?id=1739&p=partition-available-for-couple,Room for rent,Partition Available For Couple,Deira for Dubai,"Description, 
										Partition For couple very near to Metro station in a flat is sharing.interested ppl please call, 00971507853758",-,-,Yes,AED 1500,-,-,-,-,8 January,'+971507853758,"Area, sqft:256 Yes, FURNISHED: Yes, BUILT IN WARDROBES: No, BALCONY: No, VIEW OF WATER: No, VIEW OF LANDMARK: No, PETS ALLOWED: No, MAID SERVICE: No",https://rentin.ae/upload/img/Posts/1739/h57zzndR.jpg
https://rentin.ae/real-estate/rooms/room-and-studio?id=1738&p=room-and-studio,Room for rent,Room and Studio,Deira for Dubai,"Description, 
										We have furnished and non furnished Studio Rooms fully familier environment in an independent villa or building.                                    ",-,-,No,AED 2999,-,-,-,-,8 January,'+971507853758,"Area, sqft:452 Yes, FURNISHED: No, BUILT IN WARDROBES: No, BALCONY: No, VIEW OF WATER: No, VIEW OF LANDMARK: No, PETS ALLOWED: No, MAID SERVICE: No",https://rentin.ae/upload/img/Posts/1738/Db686z8y.jpg
https://rentin.ae/real-estate/rooms/cheap-and-best-bed-space-for-ladies-room-at-650?id=10002&p=cheap-and-best-bed-space-for-ladies-room-at-650,Room for rent,CHEAP AND BEST BED SPACE FOR LADIES / ROOM at 650/-,Bur Dubai for Dubai,"Description, CHEAP
AND BEST BED SPACE FOR LADIES / ROOM at 650/- , MANGALOREAN/GUJARAT/
GOAN/TAMIL/ MALAYALI/ INDIAN/SRILANKA, AT
LESS PRICE AVAILABLE IN PRIME LOCATION BURDUBAI , Bunker
Beds:- Up 650/-, Down 750/-, Single Bed 800/- , 2
WORKING LADIES ROOM at EACH 1200/-, NEAR
AL GHUBAIBA METRO STATION. ONLY 4 IN ROOM, Contact/
Wats app: PRIYA 0554807959",-,-,Yes,AED 650,-,-,-,-,24 November,'+971554807959,"FURNISHED: Yes, BUILT IN WARDROBES: Yes, BALCONY: Yes, VIEW OF WATER: No, VIEW OF LANDMARK: No, PETS ALLOWED: No, MAID SERVICE: No","https://rentin.ae/upload/img/Posts/10002/nNFN6YtE.jpg , https://rentin.ae/upload/img/Posts/10002/DHFD4D2i.jpg , https://rentin.ae/upload/img/Posts/10002/f3sdrfaY.jpg , https://rentin.ae/upload/img/Posts/10002/BN9izGn3.jpg , https://rentin.ae/upload/img/Posts/10002/dYs7idft.jpg , https://rentin.ae/upload/img/Posts/10002/6AzhFz5T.jpg , https://rentin.ae/upload/img/Posts/10002/9zy5fRyG.jpg , https://rentin.ae/upload/img/Posts/10002/rtTQ48D6.jpg"
https://rentin.ae/real-estate/rooms/bed-space-for-ladies-room-at-650?id=9992&p=bed-space-for-ladies-room-at-650,Room for rent,BED SPACE FOR LADIES / ROOM at 650/-,Bur Dubai for Dubai,"Description, BED SPACE FOR LADIES / ROOM at 650/-, MANGALOREAN/GUJARAT/ GOAN/TAMIL/ MALAYALI/
INDIAN/SRILANKA, 2 WORKING LADIES ROOM at EACH 1200/-, Bunker Beds:- Up 650/-, Down 750/-,
Single Bed 800/- , Contact/ Wats app: Ullas 0554807959 , Location: Burdubai near Al Ghubaiba Metro Station",-,-,Yes,AED 650,-,-,-,-,7 November,'+971554807959,"FURNISHED: Yes, BUILT IN WARDROBES: Yes, BALCONY: Yes, VIEW OF WATER: No, VIEW OF LANDMARK: No, PETS ALLOWED: No, MAID SERVICE: No","https://rentin.ae/upload/img/Posts/9992/ZfNYh5E5.jpg , https://rentin.ae/upload/img/Posts/9992/Kt3tTbrQ.jpg , https://rentin.ae/upload/img/Posts/9992/fy996z7Q.jpg , https://rentin.ae/upload/img/Posts/9992/dsD3Eebb.jpg , https://rentin.ae/upload/img/Posts/9992/A5ye6NYb.jpg , https://rentin.ae/upload/img/Posts/9992/7Ya3e8E4.jpg , https://rentin.ae/upload/img/Posts/9992/ddNn8eeb.jpg , https://rentin.ae/upload/img/Posts/9992/zH53Q65b.jpg"
https://rentin.ae/real-estate/rooms/big-partition-room-for-rent?id=9837&p=big-partition-room-for-rent,Room for rent,Big Partition Room For Rent,Al Raffa for Dubai,"Description, Room available for Indian couple (malayali) prefer including all 1800 aed, Near to algubhaiba bus and metro station, Everything is near by ( supermarket,mall,grocery,restaurant), Bur Dubai., Augest 1st onwards, Kindly contact or what's app +971544965559",-,-,Yes,AED 1800,-,-,-,-,1 July,'+971544965559,"FURNISHED: Yes, BUILT IN WARDROBES: No, BALCONY: Yes, VIEW OF WATER: No, VIEW OF LANDMARK: No, PETS ALLOWED: No, MAID SERVICE: No","https://rentin.ae/upload/img/Posts/9837/snnznKEA.jpg , https://rentin.ae/upload/img/Posts/9837/QhTyNaEd.jpg , https://rentin.ae/upload/img/Posts/9837/d3NZRYRD.jpg , https://rentin.ae/upload/img/Posts/9837/ddTYFh32.jpg , https://rentin.ae/upload/img/Posts/9837/AdhNQNas.jpg"
https://rentin.ae/real-estate/rooms/master-bedroom-for-rent?id=9708&p=master-bedroom-for-rent,Room for rent,Master bedroom for rent,International City for Dubai,"Description, 
										Fully furnished master bedroom available for rent. Separate AC and Washroom available. Price includes Dewa and Internet. Need 2 bachelors male or female.",-,-,Yes,AED 2200,-,-,-,-,29 April,'+971585263017,"Area, sqft:700 Yes, FURNISHED: Yes, BUILT IN WARDROBES: No, BALCONY: No, VIEW OF WATER: No, VIEW OF LANDMARK: No, PETS ALLOWED: No, MAID SERVICE: No","https://rentin.ae/upload/img/Posts/9708/h7yGzT95.jpg , https://rentin.ae/upload/img/Posts/9708/KDr6TTQb.jpg"
https://rentin.ae/real-estate/rooms/rooms-for-families-and-working-couples-from-2000aed?id=8729&p=rooms-for-families-and-working-couples-from-2000aed,Room for rent,"ROOMS FOR FAMILIES AND WORKING COUPLES, FROM 2000AED",Al Warqaa for Dubai,"Description, FRESH AND BRAND-NEW VILLA IS GOING TO RENT., NEAT AND CLEAN ROOMS WITH ATTACHED, WASHROOMS AND KITCHEN., FREE CAR PARKING AVAILABLE INSIDE VILLA., NEAR BY THE SUPERMARKET AND BUS STOP., NEAR TO MIRDIF CITY CENTRE., RENTS ARE INCLUDED DEWA., ALL DAILY AMENITIES OF LIFE AVAILABLE CLOSE TO VILLA, EG. 24 HOURS SUPERMARKETS, GROCERIES, PHARMACY, CLINIC, BUS STOPS, PARK, SHOPPING MALL AND NEAR TO HIGHWAY., ROOM SIZE AND RENT DETAILS BELOW., SMALL ROOMS RENT STARTED FROM, 2200…., QUEEN SIZE BED ROOM RENT STARTED FROM., 2500…., KING SIZE BED ROOMS RENT STARTED FROM., 3000…., ALL ROOMS ARE AVAILABLE FROM DEC.01.2018., PLEASE CALL AND WHATS APP : 0547815253",-,-,No,AED 2000,-,-,-,-,4 December,'+971547815253,"FURNISHED: No, BUILT IN WARDROBES: No, BALCONY: No, VIEW OF WATER: No, VIEW OF LANDMARK: No, PETS ALLOWED: No, MAID SERVICE: No","https://rentin.ae/upload/img/Posts/8729/tB8zhZrk.jpg , https://rentin.ae/upload/img/Posts/8729/YibNhYak.jpg , https://rentin.ae/upload/img/Posts/8729/YTNsE73E.jpg , https://rentin.ae/upload/img/Posts/8729/55SQN3k6.jpg , https://rentin.ae/upload/img/Posts/8729/risB8GNS.jpg , https://rentin.ae/upload/img/Posts/8729/TQt5ztde.jpg , https://rentin.ae/upload/img/Posts/8729/bRAGNn9E.jpg , https://rentin.ae/upload/img/Posts/8729/eSeTGtQZ.jpg , https://rentin.ae/upload/img/Posts/8729/F6iDDZhh.jpg , https://rentin.ae/upload/img/Posts/8729/BDbZZe52.jpg , https://rentin.ae/upload/img/Posts/8729/ZstzFt4N.jpg"
https://rentin.ae/real-estate/rooms/2-rooms-available-in-a-luxurious-apartment?id=8563&p=2-rooms-available-in-a-luxurious-apartment,Room for rent,2 rooms available in a Luxurious Apartment,Dubai Studio City for Dubai,"Description, Hi, I have 2 rooms available for an Individual or a Couple!, Brand new Luxurious 3 BHK completely furnished with branded
furniture, All the rooms in the flat have Independent Balcony & Bathtub
in the Bathrooms, Access to Gym, Steam room, Sauna & Rooftop swimming pool, Free Parking in front of the building, It is a gated Community with round the clock security, 8 Mins from Mall of the Emirates , 8 Mins from Sheikh Zayed road, Opposite Arabian Ranches, just 8 kms next to Motor City /
Autodrome, ·, 1 Furnished Bedroom with attached bathroom + Independent
Balcony., ·, 1 Furnished Bedroom with Independent Balcony, bathroom
outside., Monthly Rent AED 4500 (Inclusive of Dewa & WIFI)",-,-,Yes,AED 3700,-,-,-,-,3 October,'+971528171905,"FURNISHED: Yes, BUILT IN WARDROBES: Yes, BALCONY: Yes, VIEW OF WATER: No, VIEW OF LANDMARK: Yes, PETS ALLOWED: No, MAID SERVICE: Yes","https://rentin.ae/upload/img/Posts/8563/Yey3D8th.jpg , https://rentin.ae/upload/img/Posts/8563/rYHRQHEZ.jpg , https://rentin.ae/upload/img/Posts/8563/A2HYQ34t.jpg , https://rentin.ae/upload/img/Posts/8563/hy8H2HfG.jpg , https://rentin.ae/upload/img/Posts/8563/QDyeBRnR.jpg , https://rentin.ae/upload/img/Posts/8563/A2yby22Y.jpg , https://rentin.ae/upload/img/Posts/8563/KyFnhyHs.jpg , https://rentin.ae/upload/img/Posts/8563/SF4Fd8bS.jpg , https://rentin.ae/upload/img/Posts/8563/BAZ3baFD.jpg , https://rentin.ae/upload/img/Posts/8563/23EhQr6n.jpg , https://rentin.ae/upload/img/Posts/8563/NADZY9bD.jpg , https://rentin.ae/upload/img/Posts/8563/F58H49rs.jpg , https://rentin.ae/upload/img/Posts/8563/zbeBdK45.jpg , https://rentin.ae/upload/img/Posts/8563/BtbbK7ri.jpg , https://rentin.ae/upload/img/Posts/8563/yT7dT9Gn.jpg"
https://rentin.ae/real-estate/rooms/manager-sales?id=6933&p=manager-sales,Room for rent,Manager Sales,Deira City Centre Mall for Dubai,"Description, ROOM 1:, VERY VERY SPACIOUS ROOM WITH BALCONY AVAILABLE FOR INDIAN COUPLES OR FAMILIES NEAR DEIRA CITY CENTRE JUST ONE MIN WALK FROM METRO STATION., EXTREMELY BIG ROOMS, EXCELLENT LOCATION NOT CROWDED AT ALL. MAX FAMILY OF 4, VERY WELL FURNISHED WITH HEAVY DUTY BEDS & SPACIOUS WARDROBES., CLEANING SERVICES INCLUDED 3 TIMES A WEEK FREE DEWA AND WIFI., SEPARATE WASHROOM DEDICATED TO THE ROOM ONLY., AED 4,500 ALL INCLUSIVE, ROOM 2:, VERY SPACIOUS ROOM AVAILABLE FOR INDIAN COUPLES OR FAMILIES NEAR DEIRA CITY CENTRE JUST ONE MIN WALK FROM METRO STATION., EXTREMELY BIG ROOMS, EXCELLENT LOCATION NOT CROWDED AT ALL. MAX FAMILY OF 3, VERY WELL FURNISHED WITH HEAVY DUTY BEDS & SPACIOUS WARDROBES., CLEANING SERVICES INCLUDED 3 TIMES A WEEK FREE DEWA AND WIFI., AED 3,950 ALL INCLUSIVE .",-,-,Yes,AED 4000,-,-,-,-,30 August,'+971506942885,"FURNISHED: Yes, BUILT IN WARDROBES: Yes, BALCONY: Yes, VIEW OF WATER: No, VIEW OF LANDMARK: No, PETS ALLOWED: No, MAID SERVICE: No","https://rentin.ae/upload/img/Posts/6933/294nksfH.jpg , https://rentin.ae/upload/img/Posts/6933/iySRnKsR.jpg , https://rentin.ae/upload/img/Posts/6933/DaZhtzkR.jpg , https://rentin.ae/upload/img/Posts/6933/dDSZ6ZbS.jpg , https://rentin.ae/upload/img/Posts/6933/Z668kbGz.jpg , https://rentin.ae/upload/img/Posts/6933/AkaNZtsk.jpg , https://rentin.ae/upload/img/Posts/6933/ydzQBHtE.jpg"
https://rentin.ae/real-estate/rooms/executive-bachelor?id=6864&p=executive-bachelor,Room for rent,Executive Bachelor,Al Mankhool for Dubai,"Description, Hi,, Availability:-, Room With attached bathroom, with 4 people capacity. Furnished room., Facilities:-, Wifi, DEWA, Daily Cleaning, Oven Refrigerator, Washing Machine., Rent: 4500/- per month(Negotiable), Bed Spaces Available for bachelors., Rent 1000/- per bed. , Balcony room., Facilities:-, Wifi, DEWA, Daily Cleaning, Oven Refrigerator, Washing Machine., Feel free to call or whtasapp., Nearby Facilities:- Bus stands, Supermarket, Metro &Gym., Location: Al Mankhool,, 5mins walking from Fahidi Metro.",-,-,Yes,AED 4500,-,-,-,-,26 June,'+971507553150,"FURNISHED: Yes, BUILT IN WARDROBES: Yes, BALCONY: No, VIEW OF WATER: No, VIEW OF LANDMARK: No, PETS ALLOWED: No, MAID SERVICE: No","https://rentin.ae/upload/img/Posts/6864/ai37aEi9.jpg , https://rentin.ae/upload/img/Posts/6864/dKn3259d.jpg , https://rentin.ae/upload/img/Posts/6864/eREyH6DY.jpg , https://rentin.ae/upload/img/Posts/6864/azaFDRsD.jpg , https://rentin.ae/upload/img/Posts/6864/3fA4KH3Q.jpg , https://rentin.ae/upload/img/Posts/6864/hdE77Eab.jpg , https://rentin.ae/upload/img/Posts/6864/hFzSA3BB.jpg"
https://rentin.ae/real-estate/rooms/furnished-room-with-all-facilities-available-for-1-5-months?id=5203&p=furnished-room-with-all-facilities-available-for-1-5-months,Room for rent,Furnished room with all facilities available for 1.5 months,Muroor Road-Abu Dhabi for Abu Dhabi,"Description, 
										One furnished master bed room with independent bathroom available for rent from 13-07-2018 to 25-08-2018.The following independent facilities are available with the room.Internet,Tv(e-life),bed,dining table, chairs, water,electricity,fridge,oven,inbuilt cabinet,cooking facility,and common utensils.This is with an Indian family having two bed room apartment.If some one want to bring their family for a visit during this period can contact on mobile 0561606952.Rent will be Aed 2500/month.This is in Abu Dhabi,Muroor road opposite to IPIC building, near Abu Dhabi Media.                                    ",-,-,Yes,AED 2500,-,-,-,-,22 May,'+971561606952,"Area, sqft:144 Yes, FURNISHED: Yes, BUILT IN WARDROBES: No, BALCONY: No, VIEW OF WATER: No, VIEW OF LANDMARK: Yes, PETS ALLOWED: No, MAID SERVICE: No",https://rentin.ae/upload/img/Posts/5203/kYKky2GF.jpg
https://rentin.ae/real-estate/rooms/room-available-for-muslims?id=3300&p=room-available-for-muslims,Room for rent,Room available for Muslims,Deira for Dubai,"Description, 
										Room available for Muslims, Wardrobe and Table is included, Bed is provided",-,-,Yes,AED 2300,-,-,-,-,16 March,'+971501141578,"Area, sqft:1 Yes, FURNISHED: Yes, BUILT IN WARDROBES: Yes, BALCONY: No, VIEW OF WATER: No, VIEW OF LANDMARK: No, PETS ALLOWED: No, MAID SERVICE: No",https://rentin.ae/upload/img/Posts/3300/rtnBriQF.jpg
https://rentin.ae/real-estate/rooms/partition-for-couple-for-rent?id=1742&p=partition-for-couple-for-rent,Room for rent,Partition for Couple for Rent,Al Barsha 1 for Dubai,"Description, 
										A big partition for Filipino Couple, A must see building with full facilities, Surrounded by resturants and hotels, One minute walk to Mall of Emirates",-,-,Yes,AED 2800,-,-,-,-,11 January,'+971543073503,"FURNISHED: Yes, BUILT IN WARDROBES: Yes, BALCONY: No, VIEW OF WATER: No, VIEW OF LANDMARK: No, PETS ALLOWED: No, MAID SERVICE: No","https://rentin.ae/upload/img/Posts/1742/eGHttBnS.jpg , https://rentin.ae/upload/img/Posts/1742/t5fNZ7QE.jpg , https://rentin.ae/upload/img/Posts/1742/zA5Rnh39.jpg , https://rentin.ae/upload/img/Posts/1742/NH4biG5s.jpg , https://rentin.ae/upload/img/Posts/1742/bDKy42bi.jpg , https://rentin.ae/upload/img/Posts/1742/Si2DfB6E.jpg"
https://rentin.ae/real-estate/rooms/room-for-rent-for-filipino-couple?id=1740&p=room-for-rent-for-filipino-couple,Room for rent,Room for Rent for Filipino Couple,Al Barsha 1 for Dubai,"Description, 
										Room for rent preferably for Filipino couple only, Next to Mall of Emirates (1 minute walk), Accessible to many metro stations and bus stops, Full amenities (gymn, sauna, pool)",-,-,Yes,AED 4000,-,-,-,-,11 January,'+971543073503,"FURNISHED: Yes, BUILT IN WARDROBES: Yes, BALCONY: No, VIEW OF WATER: No, VIEW OF LANDMARK: No, PETS ALLOWED: No, MAID SERVICE: No","https://rentin.ae/upload/img/Posts/1740/5SsQDS7T.jpg , https://rentin.ae/upload/img/Posts/1740/yKTEnzaF.jpg , https://rentin.ae/upload/img/Posts/1740/QGTG54hB.jpg , https://rentin.ae/upload/img/Posts/1740/5teh8se4.jpg , https://rentin.ae/upload/img/Posts/1740/8zFBbBfz.jpg , https://rentin.ae/upload/img/Posts/1740/a34rk4Y3.jpg , https://rentin.ae/upload/img/Posts/1740/AEzryFSk.jpg , https://rentin.ae/upload/img/Posts/1740/2ZyZdBNa.jpg , https://rentin.ae/upload/img/Posts/1740/2fD3GHkH.jpg , https://rentin.ae/upload/img/Posts/1740/Ad3N7HBt.jpg"
https://rentin.ae/real-estate/rooms/partition-available-for-couple?id=1739&p=partition-available-for-couple,Room for rent,Partition Available For Couple,Deira for Dubai,"Description, 
										Partition For couple very near to Metro station in a flat is sharing.interested ppl please call, 00971507853758",-,-,Yes,AED 1500,-,-,-,-,8 January,'+971507853758,"Area, sqft:256 Yes, FURNISHED: Yes, BUILT IN WARDROBES: No, BALCONY: No, VIEW OF WATER: No, VIEW OF LANDMARK: No, PETS ALLOWED: No, MAID SERVICE: No",https://rentin.ae/upload/img/Posts/1739/h57zzndR.jpg
https://rentin.ae/real-estate/rooms/room-and-studio?id=1738&p=room-and-studio,Room for rent,Room and Studio,Deira for Dubai,"Description, 
										We have furnished and non furnished Studio Rooms fully familier environment in an independent villa or building.                                    ",-,-,No,AED 2999,-,-,-,-,8 January,'+971507853758,"Area, sqft:452 Yes, FURNISHED: No, BUILT IN WARDROBES: No, BALCONY: No, VIEW OF WATER: No, VIEW OF LANDMARK: No, PETS ALLOWED: No, MAID SERVICE: No",https://rentin.ae/upload/img/Posts/1738/Db686z8y.jpg
